_gram-name_	ADJECTIVE_COMPARATIVE_LONG	ADJECTIVE_COMPARATIVE_LONG
_gram-path_	ADJECTIVE_COMPARATIVE_LONG	ADJECTIVE_COMPARATIVE_LONG
_gram-helpText_	ADJECTIVE_COMPARATIVE_LONG	<INSERT_HELP_TEXT>
_gram-name_	ADJECTIVE_COMPARATIVE_SHORT	Komparative (Adjektive)
_gram-path_	ADJECTIVE_COMPARATIVE_SHORT	Adjektive, Adverben und Zahlworte > Komparative (Adjektive)
_gram-helpText_	ADJECTIVE_COMPARATIVE_SHORT	freundlicher, blauer, größer
_gram-name_	ADJECTIVE_POSITIVE	Adjektive
_gram-path_	ADJECTIVE_POSITIVE	Adjektive, Adverben und Zahlworte > Adjektive
_gram-helpText_	ADJECTIVE_POSITIVE	freundlich, blau, groß
_gram-name_	ADJECTIVE_SUPERLATIVE_LONG	ADJECTIVE_SUPERLATIVE_LONG
_gram-path_	ADJECTIVE_SUPERLATIVE_LONG	ADJECTIVE_SUPERLATIVE_LONG
_gram-helpText_	ADJECTIVE_SUPERLATIVE_LONG	<INSERT_HELP_TEXT>
_gram-name_	ADJECTIVE_SUPERLATIVE_SHORT	Superlative (Adjektive)
_gram-path_	ADJECTIVE_SUPERLATIVE_SHORT	Adjektive, Adverben und Zahlworte > Superlative (Adjektive)
_gram-helpText_	ADJECTIVE_SUPERLATIVE_SHORT	am freundlichsten, am größten
_gram-name_	ADVERB_COMPARATIVE_LONG	ADVERB_COMPARATIVE_LONG
_gram-path_	ADVERB_COMPARATIVE_LONG	ADVERB_COMPARATIVE_LONG
_gram-helpText_	ADVERB_COMPARATIVE_LONG	<INSERT_HELP_TEXT>
_gram-name_	ADVERB_COMPARATIVE_SHORT	Komparative (Adverben)
_gram-path_	ADVERB_COMPARATIVE_SHORT	Adjektive, Adverben und Zahlworte > Komparative (Adverben)
_gram-helpText_	ADVERB_COMPARATIVE_SHORT	höher, schneller
_gram-name_	ADVERB_POSITIVE	Adverben
_gram-path_	ADVERB_POSITIVE	Adjektive, Adverben und Zahlworte > Adverben
_gram-helpText_	ADVERB_POSITIVE	grundsätzlich, sofort, klugerweise
_gram-name_	ADVERB_SUPERLATIVE_LONG	Superlativ (Adverben)
_gram-path_	ADVERB_SUPERLATIVE_LONG	Adjektive, Adverben und Zahlworte > Superlativ (Adverben)
_gram-helpText_	ADVERB_SUPERLATIVE_LONG	am höchsten, am schnellsten
_gram-name_	ADVERB_SUPERLATIVE_SHORT	ADVERB_SUPERLATIVE_SHORT
_gram-path_	ADVERB_SUPERLATIVE_SHORT	ADVERB_SUPERLATIVE_SHORT
_gram-helpText_	ADVERB_SUPERLATIVE_SHORT	<INSERT_HELP_TEXT>
_gram-name_	ARTICLES	Alle Artikel
_gram-path_	ARTICLES	Artikel > Alle Artikel
_gram-helpText_	ARTICLES	der, die, eine, einer
_gram-name_	ARTICLE_A	Unbestimmte Artikel
_gram-path_	ARTICLE_A	Artikel > Unbestimmte Artikel
_gram-helpText_	ARTICLE_A	eine, einer, eines
_gram-name_	ARTICLE_AN	ARTICLE_AN
_gram-path_	ARTICLE_AN	ARTICLE_AN
_gram-helpText_	ARTICLE_AN	<INSERT_HELP_TEXT>
_gram-name_	ARTICLE_THE	Bestimmte Artikel
_gram-path_	ARTICLE_THE	Artikel > Bestimmte Artikel
_gram-helpText_	ARTICLE_THE	der, die, das
_gram-name_	ASPECT_PERFECT	ASPECT_PERFECT
_gram-path_	ASPECT_PERFECT	ASPECT_PERFECT
_gram-helpText_	ASPECT_PERFECT	<INSERT_HELP_TEXT>
_gram-name_	ASPECT_PERFECT_PROGRESSIVE	ASPECT_PERFECT_PROGRESSIVE
_gram-path_	ASPECT_PERFECT_PROGRESSIVE	ASPECT_PERFECT_PROGRESSIVE
_gram-helpText_	ASPECT_PERFECT_PROGRESSIVE	<INSERT_HELP_TEXT>
_gram-name_	ASPECT_PROGRESSIVE	ASPECT_PROGRESSIVE
_gram-path_	ASPECT_PROGRESSIVE	ASPECT_PROGRESSIVE
_gram-helpText_	ASPECT_PROGRESSIVE	<INSERT_HELP_TEXT>
_gram-name_	ASPECT_SIMPLE	ASPECT_SIMPLE
_gram-path_	ASPECT_SIMPLE	ASPECT_SIMPLE
_gram-helpText_	ASPECT_SIMPLE	<INSERT_HELP_TEXT>
_gram-name_	ATTRIBUTES_ADJECTIVE	Adjektivattribut
_gram-path_	ATTRIBUTES_ADJECTIVE	Nomen > Attribute > Adjektivattribut
_gram-helpText_	ATTRIBUTES_ADJECTIVE	der schwarze Kater
_gram-name_	ATTRIBUTES_PARTICIPLE_1	Partizipialattribut I
_gram-path_	ATTRIBUTES_PARTICIPLE_1	Nomen > Attribute > Partizipialattribut I
_gram-helpText_	ATTRIBUTES_PARTICIPLE_1	zB: das rennende Kanninchen
_gram-name_	ATTRIBUTES_PARTICIPLE_2	Partizipialattribut II
_gram-path_	ATTRIBUTES_PARTICIPLE_2	Nomen > Attribute > Partizipialattribut II
_gram-helpText_	ATTRIBUTES_PARTICIPLE_2	zB: der gelaufene Marathon
_gram-name_	ATTRIBUTES_PREPOSITION	Präpositionalattribut
_gram-path_	ATTRIBUTES_PREPOSITION	Nomen > Attribute > Präpositionalattribut
_gram-helpText_	ATTRIBUTES_PREPOSITION	zB: die Zerstörung von Rom
_gram-name_	CARDINALS	Zahlworte
_gram-path_	CARDINALS	Adjektive, Adverben und Zahlworte > Zahlworte
_gram-helpText_	CARDINALS	eins, 2, 323c
_gram-name_	CLAUSE_ADVERBIAL	Adverbial
_gram-path_	CLAUSE_ADVERBIAL	Nebensatztypen > Adverbial
_gram-helpText_	CLAUSE_ADVERBIAL	(Sie arbeitet viel,) weil sie Ärztin ist.
_gram-name_	CLAUSE_DASS	Dass-Satz
_gram-path_	CLAUSE_DASS	Nebensatztypen > Dass-Satz
_gram-helpText_	CLAUSE_DASS	(Ich weiß,) dass sie Ärztin ist.
_gram-name_	CLAUSE_RELATIVE	Relativ
_gram-path_	CLAUSE_RELATIVE	Nebensatztypen > Relativ
_gram-helpText_	CLAUSE_RELATIVE	(die Frau,) die Ärztin ist
_gram-name_	CLAUSE_RELATIVE_REDUCED	CLAUSE_RELATIVE_REDUCED
_gram-path_	CLAUSE_RELATIVE_REDUCED	CLAUSE_RELATIVE_REDUCED
_gram-helpText_	CLAUSE_RELATIVE_REDUCED	<INSERT_HELP_TEXT>
_gram-name_	CLAUSE_SUBORDINATE	Subordiniert
_gram-path_	CLAUSE_SUBORDINATE	Satztypen > Subordiniert
_gram-helpText_	CLAUSE_SUBORDINATE	Ich weiß nicht, wo ich bin.
_gram-name_	CONDITIONALS	CONDITIONALS
_gram-path_	CONDITIONALS	CONDITIONALS
_gram-helpText_	CONDITIONALS	<INSERT_HELP_TEXT>
_gram-name_	CONDITIONALS_REAL	CONDITIONALS_REAL
_gram-path_	CONDITIONALS_REAL	CONDITIONALS_REAL
_gram-helpText_	CONDITIONALS_REAL	<INSERT_HELP_TEXT>
_gram-name_	CONDITIONALS_UNREAL	CONDITIONALS_UNREAL
_gram-path_	CONDITIONALS_UNREAL	CONDITIONALS_UNREAL
_gram-helpText_	CONDITIONALS_UNREAL	<INSERT_HELP_TEXT>
_gram-name_	CONJUNCTIONS_ADVANCED	CONJUNCTIONS_ADVANCED
_gram-path_	CONJUNCTIONS_ADVANCED	CONJUNCTIONS_ADVANCED
_gram-helpText_	CONJUNCTIONS_ADVANCED	<INSERT_HELP_TEXT>
_gram-name_	CONJUNCTIONS_SIMPLE	CONJUNCTIONS_SIMPLE
_gram-path_	CONJUNCTIONS_SIMPLE	CONJUNCTIONS_SIMPLE
_gram-helpText_	CONJUNCTIONS_SIMPLE	<INSERT_HELP_TEXT>
_gram-name_	DETERMINER_ANY	irgend...
_gram-path_	DETERMINER_ANY	Indefinite Quantifizierer > irgend...
_gram-helpText_	DETERMINER_ANY	irgendeine, irgendeiner, irgendeines
_gram-name_	DETERMINER_A_LOT_OF	DETERMINER_A_LOT_OF
_gram-path_	DETERMINER_A_LOT_OF	DETERMINER_A_LOT_OF
_gram-helpText_	DETERMINER_A_LOT_OF	<INSERT_HELP_TEXT>
_gram-name_	DETERMINER_MANY	viel, viele, ...
_gram-path_	DETERMINER_MANY	Indefinite Quantifizierer > viel, viele, ...
_gram-helpText_	DETERMINER_MANY	viel, viele
_gram-name_	DETERMINER_MUCH	DETERMINER_MUCH
_gram-path_	DETERMINER_MUCH	DETERMINER_MUCH
_gram-helpText_	DETERMINER_MUCH	<INSERT_HELP_TEXT>
_gram-name_	DETERMINER_SOME	einige, manche, ...
_gram-path_	DETERMINER_SOME	Indefinite Quantifizierer > einige, manche, ...
_gram-helpText_	DETERMINER_SOME	einige, manche
_gram-name_	EXISTENTIAL_THERE	Existentielles "es gibt"
_gram-path_	EXISTENTIAL_THERE	Sätze > Satztypen > Existentielles "es gibt"
_gram-helpText_	EXISTENTIAL_THERE	Es gibt Dinge / Leute / Situationen ...
_gram-name_	IMPERATIVES	Imperative
_gram-path_	IMPERATIVES	Verben > Verbformen > Imperative
_gram-helpText_	IMPERATIVES	Iss! Schlaf! Halt!
_gram-name_	MODALS	Modalverben
_gram-path_	MODALS	Verben > Verbtypen > Modalverben
_gram-helpText_	MODALS	können, müssen, wollen
_gram-name_	MODALS_ABLE	MODALS_ABLE
_gram-path_	MODALS_ABLE	MODALS_ABLE
_gram-helpText_	MODALS_ABLE	<INSERT_HELP_TEXT>
_gram-name_	MODALS_ADVANCED	MODALS_ADVANCED
_gram-path_	MODALS_ADVANCED	MODALS_ADVANCED
_gram-helpText_	MODALS_ADVANCED	<INSERT_HELP_TEXT>
_gram-name_	MODALS_CAN	Modalverb "können"
_gram-path_	MODALS_CAN	Verben > Verbtypen > Modalverb "können"
_gram-helpText_	MODALS_CAN	kann, konntest, gekonnt
_gram-name_	MODALS_COULD	MODALS_COULD
_gram-path_	MODALS_COULD	MODALS_COULD
_gram-helpText_	MODALS_COULD	<INSERT_HELP_TEXT>
_gram-name_	MODALS_HAVE_TO	Modalverb "müssen"
_gram-path_	MODALS_HAVE_TO	Verben > Verbtypen > Modalverb "müssen"
_gram-helpText_	MODALS_HAVE_TO	muss, musstest, gemusst
_gram-name_	MODALS_MAY	Modalverb "dürfen"
_gram-path_	MODALS_MAY	Verben > Verbtypen > Modalverb "dürfen"
_gram-helpText_	MODALS_MAY	darf, durftest, gedurft
_gram-name_	MODALS_MIGHT	MODALS_MIGHT
_gram-path_	MODALS_MIGHT	MODALS_MIGHT
_gram-helpText_	MODALS_MIGHT	<INSERT_HELP_TEXT>
_gram-name_	MODALS_MUST	MODALS_MUST
_gram-path_	MODALS_MUST	MODALS_MUST
_gram-helpText_	MODALS_MUST	<INSERT_HELP_TEXT>
_gram-name_	MODALS_NEED	Modalverb "brauchen"
_gram-path_	MODALS_NEED	Verben > Verbtypen > Modalverb "brauchen"
_gram-helpText_	MODALS_NEED	brauche, brauchtest, gebraucht
_gram-name_	MODALS_OUGHT	Modalverb "sollen"
_gram-path_	MODALS_OUGHT	Verben > Verbtypen > Modalverb "sollen"
_gram-helpText_	MODALS_OUGHT	soll, solltest, gesollt
_gram-name_	MODALS_SIMPLE	MODALS_SIMPLE
_gram-path_	MODALS_SIMPLE	MODALS_SIMPLE
_gram-helpText_	MODALS_SIMPLE	<INSERT_HELP_TEXT>
_gram-name_	NEGATION_ALL	Negation 
_gram-path_	NEGATION_ALL	Negation > Negation
_gram-helpText_	NEGATION_ALL	kein, kaum, nie, ...
_gram-name_	NEGATION_NOT	NEGATION_NOT
_gram-path_	NEGATION_NOT	NEGATION_NOT
_gram-helpText_	NEGATION_NOT	<INSERT_HELP_TEXT>
_gram-name_	NEGATION_NO_NOT_NEVER	Volle Negation 
_gram-path_	NEGATION_NO_NOT_NEVER	Negation > Volle Negation
_gram-helpText_	NEGATION_NO_NOT_NEVER	kein, nichts, nirgends, ... 
_gram-name_	NEGATION_NT	NEGATION_NT
_gram-path_	NEGATION_NT	NEGATION_NT
_gram-helpText_	NEGATION_NT	<INSERT_HELP_TEXT>
_gram-name_	NEGATION_PARTIAL	Partielle Negation 
_gram-path_	NEGATION_PARTIAL	Negation > Partielle Negation
_gram-helpText_	NEGATION_PARTIAL	kaum, selten, ...
_gram-name_	NOUNFORMS_ING	NOUNFORMS_ING
_gram-path_	NOUNFORMS_ING	NOUNFORMS_ING
_gram-helpText_	NOUNFORMS_ING	<INSERT_HELP_TEXT>
_gram-name_	NOUNS_ISMUS	-ismus Nominalisierungen
_gram-path_	NOUNS_ISMUS	Nomen > Nominalisierungen > -ismus
_gram-helpText_	NOUNS_ISMUS	Naturalismus, Pluralismus, etc.
_gram-name_	NOUNS_TUR	-tur Nominalisierungen 
_gram-path_	NOUNS_TUR	Nomen > Nominalisierungen > -tur
_gram-helpText_	NOUNS_TUR	Natur, Statur, etc.
_gram-name_	NOUNS_UNG	-ung Nominalisierungen
_gram-path_	NOUNS_UNG	Nomen > Nominalisierungen > -ung
_gram-helpText_	NOUNS_UNG	Schenkung, Schulung, etc.
_gram-name_	OBJECT_DIRECT	OBJECT_DIRECT
_gram-path_	OBJECT_DIRECT	OBJECT_DIRECT
_gram-helpText_	OBJECT_DIRECT	<INSERT_HELP_TEXT>
_gram-name_	OBJECT_INDIRECT	OBJECT_INDIRECT
_gram-path_	OBJECT_INDIRECT	OBJECT_INDIRECT
_gram-helpText_	OBJECT_INDIRECT	<INSERT_HELP_TEXT>
_gram-name_	PARTICLE_PLUS_ADJ_ADV	Adjektiv- und Adverbpartikel
_gram-path_	PARTICLE_PLUS_ADJ_ADV	Adjektive, Adverben und Zahlworte > Adjektiv- und Adverbpartikel
_gram-helpText_	PARTICLE_PLUS_ADJ_ADV	zu spät, zu kalt
_gram-name_	PASSIVE_VOICE	PASSIVE_VOICE
_gram-path_	PASSIVE_VOICE	PASSIVE_VOICE
_gram-helpText_	PASSIVE_VOICE	<INSERT_HELP_TEXT>
_gram-name_	PASSIVE_VOICE_SEIN	sein-Passiv
_gram-path_	PASSIVE_VOICE_SEIN	Verben > Passiv > Passiv mit "sein"
_gram-helpText_	PASSIVE_VOICE_SEIN	ist geschlossen, ist gebacken
_gram-name_	PASSIVE_VOICE_WERDEN	werden-Passiv
_gram-path_	PASSIVE_VOICE_WERDEN	Verben > Passiv > Passiv mit "werden"
_gram-helpText_	PASSIVE_VOICE_WERDEN	wird geschlossen, wird gebacken
_gram-name_	PLURAL_IRREGULAR	PLURAL_IRREGULAR
_gram-path_	PLURAL_IRREGULAR	PLURAL_IRREGULAR
_gram-helpText_	PLURAL_IRREGULAR	<INSERT_HELP_TEXT>
_gram-name_	PLURAL_REGULAR	PLURAL_REGULAR
_gram-path_	PLURAL_REGULAR	PLURAL_REGULAR
_gram-helpText_	PLURAL_REGULAR	<INSERT_HELP_TEXT>
_gram-name_	PREPOSITIONS	Präpositionen (gesamt)
_gram-path_	PREPOSITIONS	Präpositionen > Präpositionen (gesamt)
_gram-helpText_	PREPOSITIONS	auf, unter, zufolge, wegen
_gram-name_	PREPOSITIONS_ADVANCED	Postposition
_gram-path_	PREPOSITIONS_ADVANCED	Präpositionen > Postposition
_gram-helpText_	PREPOSITIONS_ADVANCED	zufolge, wegen
_gram-name_	PREPOSITIONS_COMPLEX	PREPOSITIONS_COMPLEX
_gram-path_	PREPOSITIONS_COMPLEX	PREPOSITIONS_COMPLEX
_gram-helpText_	PREPOSITIONS_COMPLEX	<INSERT_HELP_TEXT>
_gram-name_	PREPOSITIONS_SIMPLE	Präposition 
_gram-path_	PREPOSITIONS_SIMPLE	Präpositionen > Präposition
_gram-helpText_	PREPOSITIONS_SIMPLE	auf, unter, neben
_gram-name_	PRONOUNS	Pronomen (gesamt)
_gram-path_	PRONOUNS	Pronomen > Pronomen (gesamt)
_gram-helpText_	PRONOUNS	dieser, er, mein, ...
_gram-name_	PRONOUNS_DEMONSTRATIVE	Demonstrativpronomen 
_gram-path_	PRONOUNS_DEMONSTRATIVE	Pronomen > Demonstrativpronomen
_gram-helpText_	PRONOUNS_DEMONSTRATIVE	dieser, jener
_gram-name_	PRONOUNS_INDEFINITE	Indefinitpronomen 
_gram-path_	PRONOUNS_INDEFINITE	Pronomen > Indefinitpronomen
_gram-helpText_	PRONOUNS_INDEFINITE	kein, irgendein
_gram-name_	PRONOUNS_INTERROGATIVE	Interrogativpronomen
_gram-path_	PRONOUNS_INTERROGATIVE	Pronomen > Interrogativpronomen
_gram-helpText_	PRONOUNS_INTERROGATIVE	welche, wobei
_gram-name_	PRONOUNS_OBJECTIVE	PRONOUNS_OBJECTIVE
_gram-path_	PRONOUNS_OBJECTIVE	PRONOUNS_OBJECTIVE
_gram-helpText_	PRONOUNS_OBJECTIVE	<INSERT_HELP_TEXT>
_gram-name_	PRONOUNS_PERSONAL	Personalpronomen 
_gram-path_	PRONOUNS_PERSONAL	Pronomen > Personalpronomen
_gram-helpText_	PRONOUNS_PERSONAL	ich, du
_gram-name_	PRONOUNS_POSSESSIVE	Possessivpronomen
_gram-path_	PRONOUNS_POSSESSIVE	Pronomen > Possessivpronomen
_gram-helpText_	PRONOUNS_POSSESSIVE	mein, dein
_gram-name_	PRONOUNS_POSSESSIVE_ABSOLUTE	PRONOUNS_POSSESSIVE_ABSOLUTE
_gram-path_	PRONOUNS_POSSESSIVE_ABSOLUTE	PRONOUNS_POSSESSIVE_ABSOLUTE
_gram-helpText_	PRONOUNS_POSSESSIVE_ABSOLUTE	<INSERT_HELP_TEXT>
_gram-name_	PRONOUNS_REFLEXIVE	Reflexivpronomen
_gram-path_	PRONOUNS_REFLEXIVE	Pronomen > Reflexivpronomen
_gram-helpText_	PRONOUNS_REFLEXIVE	mich, sich
_gram-name_	PRONOUNS_RELATIVE	Relativpronomen 
_gram-path_	PRONOUNS_RELATIVE	Pronomen > Relativpronomen
_gram-helpText_	PRONOUNS_RELATIVE	der, dessen
_gram-name_	PRONOUNS_SUBJECTIVE	PRONOUNS_SUBJECTIVE
_gram-path_	PRONOUNS_SUBJECTIVE	PRONOUNS_SUBJECTIVE
_gram-helpText_	PRONOUNS_SUBJECTIVE	<INSERT_HELP_TEXT>
_gram-name_	QUESTIONS_DIRECT	Direkte Fragen
_gram-path_	QUESTIONS_DIRECT	Fragen > Direkt
_gram-helpText_	QUESTIONS_DIRECT	Wann gibt es Mittagessen?
_gram-name_	QUESTIONS_HOW	Wie-Fragen
_gram-path_	QUESTIONS_HOW	Fragen- Wie-Fragen
_gram-helpText_	QUESTIONS_HOW	Fragen mit wie, z.B.: Wie geht es dir?
_gram-name_	QUESTIONS_INDIRECT	Indirekte Fragen
_gram-path_	QUESTIONS_INDIRECT	Fragen > Indirekt
_gram-helpText_	QUESTIONS_INDIRECT	Sie fragt, wann es Mittagessen gibt.
_gram-name_	QUESTIONS_MODAL	QUESTIONS_MODAL
_gram-path_	QUESTIONS_MODAL	QUESTIONS_MODAL
_gram-helpText_	QUESTIONS_MODAL	<INSERT_HELP_TEXT>
_gram-name_	QUESTIONS_TAG	Refrain-Fragen
_gram-path_	QUESTIONS_TAG	Fragen > Refrain-Fragen
_gram-helpText_	QUESTIONS_TAG	Du bist Programmiererin, ja?
_gram-name_	QUESTIONS_TO_BE	Sein-Fragen
_gram-path_	QUESTIONS_TO_BE	Fragen > Sein-Fragen
_gram-helpText_	QUESTIONS_TO_BE	Bist du Lehrerin?
_gram-name_	QUESTIONS_TO_DO	Machen-Fragen
_gram-path_	QUESTIONS_TO_DO	Fragen > Machen-Fragen
_gram-helpText_	QUESTIONS_TO_DO	Machst du Frühstück?
_gram-name_	QUESTIONS_TO_HAVE	Haben-Fragen
_gram-path_	QUESTIONS_TO_HAVE	Fragen > Haben-Fragen
_gram-helpText_	QUESTIONS_TO_HAVE	Hast du Kinder?
_gram-name_	QUESTIONS_WH	W-Fragen
_gram-path_	QUESTIONS_WH	Fragen > W-Fragen
_gram-helpText_	QUESTIONS_WH	Fragen mit wer, wie, wo, was, wieso, ...
_gram-name_	QUESTIONS_WHAT	Was-Fragen
_gram-path_	QUESTIONS_WHAT	Fragen > Was-Fragen
_gram-helpText_	QUESTIONS_WHAT	Fragen mit was, z.B.: Was essen wir?
_gram-name_	QUESTIONS_WHEN	Wann-Fragen
_gram-path_	QUESTIONS_WHEN	Fragen > Wann-Fragen
_gram-helpText_	QUESTIONS_WHEN	Fragen mit wann, z.B.: Wann gehen wir?
_gram-name_	QUESTIONS_WHERE	Wo-Fragen
_gram-path_	QUESTIONS_WHERE	Fragen > Wo-Fragen
_gram-helpText_	QUESTIONS_WHERE	Fragen mit wo, z.B.: Wo bist du?
_gram-name_	QUESTIONS_WHICH	Welche-Fragen
_gram-path_	QUESTIONS_WHICH	Fragen > Welche-Fragen
_gram-helpText_	QUESTIONS_WHICH	Fragen mit welche/r/s, z.B.: Welches Buch suchst du?
_gram-name_	QUESTIONS_WHO	Wer-Fragen
_gram-path_	QUESTIONS_WHO	Fragen > Wer-Fragen
_gram-helpText_	QUESTIONS_WHO	Fragen mit wer, z.B.: Wer ist da?
_gram-name_	QUESTIONS_WHOM	Wen/Wem-Fragen
_gram-path_	QUESTIONS_WHOM	Fragen > Wen/Wem-Fragen
_gram-helpText_	QUESTIONS_WHOM	Fragen mit wen/wem, z.B.: Wen stört das?
_gram-name_	QUESTIONS_WHOSE	Wessen-Fragen
_gram-path_	QUESTIONS_WHOSE	Fragen > Wessen-Fragen
_gram-helpText_	QUESTIONS_WHOSE	Fragen mit wessen, z.B.: Wessen Hund bellt?
_gram-name_	QUESTIONS_WHY	Warum-Fragen
_gram-path_	QUESTIONS_WHY	Fragen > Warum-Fragen
_gram-helpText_	QUESTIONS_WHY	Fragen mit warum, z.B.: Warum machst du das?
_gram-name_	QUESTIONS_YESNO	Ja/Nein Fragen
_gram-path_	QUESTIONS_YESNO	Fragen > Ja/Nein
_gram-helpText_	QUESTIONS_YESNO	Kommst du zum Essen?
_gram-name_	SENTENCE_COMPLEX	Komplexe Sätze
_gram-path_	SENTENCE_COMPLEX	Satztypen > Komplexe Sätze
_gram-helpText_	SENTENCE_COMPLEX	Sätze, die mindestens einen weiteren beigeordneten oder untergeordneten Satz beinhalten, z.B.: Ich spiele und du liest.
_gram-name_	SENTENCE_COMPOUND	Koordiniert
_gram-path_	SENTENCE_COMPOUND	Satztypen > Koordiniert
_gram-helpText_	SENTENCE_COMPOUND	Sie ist Ärztin und er ist Lehrer.
_gram-name_	SENTENCE_INCOMPLETE	Satzfragmente
_gram-path_	SENTENCE_INCOMPLETE	Satztypen > Satzfragment
_gram-helpText_	SENTENCE_INCOMPLETE	Neu! Jetzt noch besser!
_gram-name_	SENTENCE_SIMPLE	Einfach
_gram-path_	SENTENCE_SIMPLE	Satztypen > Einfach
_gram-helpText_	SENTENCE_SIMPLE	Sie ist gestern in Rente gegangen.
_gram-name_	TENSE_FUTURE_PERFECT	Futur 2
_gram-path_	TENSE_FUTURE_PERFECT	Verben > Zeiten > Futur 2
_gram-helpText_	TENSE_FUTURE_PERFECT	werde geholfen haben, werde gegessen haben
_gram-name_	TENSE_FUTURE_PERFECT_PROGRESSIVE	TENSE_FUTURE_PERFECT_PROGRESSIVE
_gram-path_	TENSE_FUTURE_PERFECT_PROGRESSIVE	TENSE_FUTURE_PERFECT_PROGRESSIVE
_gram-helpText_	TENSE_FUTURE_PERFECT_PROGRESSIVE	<INSERT_HELP_TEXT>
_gram-name_	TENSE_FUTURE_PROGRESSIVE	TENSE_FUTURE_PROGRESSIVE
_gram-path_	TENSE_FUTURE_PROGRESSIVE	TENSE_FUTURE_PROGRESSIVE
_gram-helpText_	TENSE_FUTURE_PROGRESSIVE	<INSERT_HELP_TEXT>
_gram-name_	TENSE_FUTURE_SIMPLE	Futur 1
_gram-path_	TENSE_FUTURE_SIMPLE	Verben > Zeiten > Futur 1
_gram-helpText_	TENSE_FUTURE_SIMPLE	werde essen, werde helfen
_gram-name_	TENSE_PAST_PERFECT	Plusquamperfekt
_gram-path_	TENSE_PAST_PERFECT	Verben > Zeiten > Plusquamperfekt
_gram-helpText_	TENSE_PAST_PERFECT	hatte gegessen, war gefallen
_gram-name_	TENSE_PAST_PERFECT_HABEN	haben-Plusquamperfekt
_gram-path_	TENSE_PAST_PERFECT_HABEN	Verben > Zeiten > haben-Plusquamperfekt
_gram-helpText_	TENSE_PAST_PERFECT_HABEN	hatte gegessen, hatte gelacht
_gram-name_	TENSE_PAST_PERFECT_PROGRESSIVE	TENSE_PAST_PERFECT_PROGRESSIVE
_gram-path_	TENSE_PAST_PERFECT_PROGRESSIVE	TENSE_PAST_PERFECT_PROGRESSIVE
_gram-helpText_	TENSE_PAST_PERFECT_PROGRESSIVE	<INSERT_HELP_TEXT>
_gram-name_	TENSE_PAST_PERFECT_SEIN	sein-Plusquamperfekt
_gram-path_	TENSE_PAST_PERFECT_SEIN	Verben > Zeiten > sein-Plusquamperfekt
_gram-helpText_	TENSE_PAST_PERFECT_SEIN	war geschehen, war gefallen
_gram-name_	TENSE_PAST_PROGRESSIVE	TENSE_PAST_PROGRESSIVE
_gram-path_	TENSE_PAST_PROGRESSIVE	TENSE_PAST_PROGRESSIVE
_gram-helpText_	TENSE_PAST_PROGRESSIVE	<INSERT_HELP_TEXT>
_gram-name_	TENSE_PAST_SIMPLE	Präteritum
_gram-path_	TENSE_PAST_SIMPLE	Verben > Zeiten > Präteritum
_gram-helpText_	TENSE_PAST_SIMPLE	ging, schlief, aß
_gram-name_	TENSE_PRESENT_PERFECT	Perfekt
_gram-path_	TENSE_PRESENT_PERFECT	Verben > Zeiten > Perfket
_gram-helpText_	TENSE_PRESENT_PERFECT	habe gegessen, bin gelaufen
_gram-name_	TENSE_PRESENT_PERFECT_HABEN	haben-Perfekt
_gram-path_	TENSE_PRESENT_PERFECT_HABEN	Verben > Zeiten > haben-Perfekt
_gram-helpText_	TENSE_PRESENT_PERFECT_HABEN	habe gegessen, habe gelacht
_gram-name_	TENSE_PRESENT_PERFECT_PROGRESSIVE	TENSE_PRESENT_PERFECT_PROGRESSIVE
_gram-path_	TENSE_PRESENT_PERFECT_PROGRESSIVE	TENSE_PRESENT_PERFECT_PROGRESSIVE
_gram-helpText_	TENSE_PRESENT_PERFECT_PROGRESSIVE	<INSERT_HELP_TEXT>
_gram-name_	TENSE_PRESENT_PERFECT_SEIN	sein-Perfekt
_gram-path_	TENSE_PRESENT_PERFECT_SEIN	Verben > Zeiten > sein-Perfekt
_gram-helpText_	TENSE_PRESENT_PERFECT_SEIN	ist geschehen, ist gefallen
_gram-name_	TENSE_PRESENT_PROGRESSIVE	TENSE_PRESENT_PROGRESSIVE
_gram-path_	TENSE_PRESENT_PROGRESSIVE	TENSE_PRESENT_PROGRESSIVE
_gram-helpText_	TENSE_PRESENT_PROGRESSIVE	<INSERT_HELP_TEXT>
_gram-name_	TENSE_PRESENT_SIMPLE	Präsens
_gram-path_	TENSE_PRESENT_SIMPLE	Verben > Zeiten > Präsens
_gram-helpText_	TENSE_PRESENT_SIMPLE	gehen, iss, schläfst
_gram-name_	THERE_IS_ARE	THERE_IS_ARE
_gram-path_	THERE_IS_ARE	THERE_IS_ARE
_gram-helpText_	THERE_IS_ARE	<INSERT_HELP_TEXT>
_gram-name_	THERE_WAS_WERE	THERE_WAS_WERE
_gram-path_	THERE_WAS_WERE	THERE_WAS_WERE
_gram-helpText_	THERE_WAS_WERE	<INSERT_HELP_TEXT>
_gram-name_	TIME_FUTURE	Futurformen
_gram-path_	TIME_FUTURE	Verben > Zeiten > Futurformen
_gram-helpText_	TIME_FUTURE	Alle Futurformen  (werde gehen, werde gegangen sein)
_gram-name_	TIME_PAST	Vergangenheitsformen
_gram-path_	TIME_PAST	Verben > Zeiten > Vergangenheitsformen
_gram-helpText_	TIME_PAST	Alle Vergangenheitsformen (aß, habe gegessen, war geschwommen)
_gram-name_	TIME_PRESENT	Gegenwartsformen
_gram-path_	TIME_PRESENT	Verben > Zeiten > Gegenwartsformen
_gram-helpText_	TIME_PRESENT	Alle Gegenwartsformen (schlafen, hörst, lies!)
_gram-name_	VERBCONST_GOING_TO	VERBCONST_GOING_TO
_gram-path_	VERBCONST_GOING_TO	VERBCONST_GOING_TO
_gram-helpText_	VERBCONST_GOING_TO	<INSERT_HELP_TEXT>
_gram-name_	VERBCONST_USED_TO	VERBCONST_USED_TO
_gram-path_	VERBCONST_USED_TO	VERBCONST_USED_TO
_gram-helpText_	VERBCONST_USED_TO	<INSERT_HELP_TEXT>
_gram-name_	VERBFORM_AUXILIARIES_BE_DO_HAVE	VERBFORM_AUXILIARIES_BE_DO_HAVE
_gram-path_	VERBFORM_AUXILIARIES_BE_DO_HAVE	VERBFORM_AUXILIARIES_BE_DO_HAVE
_gram-helpText_	VERBFORM_AUXILIARIES_BE_DO_HAVE	<INSERT_HELP_TEXT>
_gram-name_	VERBFORM_COPULAR	VERBFORM_COPULAR
_gram-path_	VERBFORM_COPULAR	VERBFORM_COPULAR
_gram-helpText_	VERBFORM_COPULAR	<INSERT_HELP_TEXT>
_gram-name_	VERBFORM_EMPATHIC_DO	VERBFORM_EMPATHIC_DO
_gram-path_	VERBFORM_EMPATHIC_DO	VERBFORM_EMPATHIC_DO
_gram-helpText_	VERBFORM_EMPATHIC_DO	<INSERT_HELP_TEXT>
_gram-name_	VERBFORM_INFINITIVE	Infinitive
_gram-path_	VERBFORM_INFINITIVE	Verbformen > Infinitive
_gram-helpText_	VERBFORM_INFINITIVE	helfen, lachen
_gram-name_	VERBFORM_ING	VERBFORM_ING
_gram-path_	VERBFORM_ING	VERBFORM_ING
_gram-helpText_	VERBFORM_ING	<INSERT_HELP_TEXT>
_gram-name_	VERBFORM_LONG	VERBFORM_LONG
_gram-path_	VERBFORM_LONG	VERBFORM_LONG
_gram-helpText_	VERBFORM_LONG	<INSERT_HELP_TEXT>
_gram-name_	VERBFORM_PARTICIPLE	Partizipien
_gram-path_	VERBFORM_PARTICIPLE	Verbformen > Partizipien
_gram-helpText_	VERBFORM_PARTICIPLE	laufend, bellend, gebacken, gekauft
_gram-name_	VERBFORM_PARTICIPLE_1	VERBFORM_PARTICIPLE_1
_gram-path_	VERBFORM_PARTICIPLE_1	VERBFORM_PARTICIPLE_1
_gram-helpText_	VERBFORM_PARTICIPLE_1	<INSERT_HELP_TEXT>
_gram-name_	VERBFORM_PARTICIPLE_2	VERBFORM_PARTICIPLE_2
_gram-path_	VERBFORM_PARTICIPLE_2	VERBFORM_PARTICIPLE_2
_gram-helpText_	VERBFORM_PARTICIPLE_2	<INSERT_HELP_TEXT>
_gram-name_	VERBFORM_SHORT	VERBFORM_SHORT
_gram-path_	VERBFORM_SHORT	VERBFORM_SHORT
_gram-helpText_	VERBFORM_SHORT	<INSERT_HELP_TEXT>
_gram-name_	VERBFORM_TO_INFINITIVE	zu-Infinitive
_gram-path_	VERBFORM_TO_INFINITIVE	Verbformen > zu-Infinitive
_gram-helpText_	VERBFORM_TO_INFINITIVE	zu helfen, zu lachen
_gram-name_	VERBS_IRREGULAR	VERBS_IRREGULAR
_gram-path_	VERBS_IRREGULAR	VERBS_IRREGULAR
_gram-helpText_	VERBS_IRREGULAR	<INSERT_HELP_TEXT>
_gram-name_	VERBS_PHRASAL	VERBS_PHRASAL
_gram-path_	VERBS_PHRASAL	VERBS_PHRASAL
_gram-helpText_	VERBS_PHRASAL	<INSERT_HELP_TEXT>
_gram-name_	VERBS_REGULAR	VERBS_REGULAR
_gram-path_	VERBS_REGULAR	VERBS_REGULAR
_gram-helpText_	VERBS_REGULAR	<INSERT_HELP_TEXT>
_gram-name_	VERBTYP_AUXILIARIES	Hilfsverben
_gram-path_	VERBTYP_AUXILIARIES	Verben > Verbtypen > Hilfsverben
_gram-helpText_	VERBTYP_AUXILIARIES	sein, haben
_gram-name_	VERBTYP_MAIN	Vollverben
_gram-path_	VERBTYP_MAIN	Verben > Verbtypen > Vollverben
_gram-helpText_	VERBTYP_MAIN	gehen, sprechen
_gram-name_	VERBTYP_MODAL	Modalverben
_gram-path_	VERBTYP_MODAL	Verben > Verbtypen > Modalverben
_gram-helpText_	VERBTYP_MODAL	können, müssen, wollen
_gram-name_	VERB_BRACKETS	Besetzte Satzklammer
_gram-path_	VERB_BRACKETS	Satzklammer > Besetzte Satzklammer
_gram-helpText_	VERB_BRACKETS	Ich habe die Ärztin gesehen.
_gram-name_	VERB_CLUSTER	Verbalkomplex
_gram-path_	VERB_CLUSTER	Satzklammer > Verbalkomplex
_gram-helpText_	VERB_CLUSTER	zu helfen gefragt worden sein